"DESCRIPTION","DURATION IN MS","NAME","PARENT SUITE","START TIME","STATUS","STOP TIME","SUB SUITE","SUITE","TEST CLASS","TEST METHOD"
"","308","@regression @C013 @USER-GET-013 should reject decimal page (page = 1.5)","api","2026-10-09","failed","2026-10-09","GET /v1/users - List Users","users\api\get-users.spec.ts","",""
"","294","@regression @C042 @USER-GET-042 should find user by email domain","api","2026-10-09","passed","2026-10-09","GET /v1/users - List Users","users\api\get-users.spec.ts","",""
"","872","@regression @C008 @USER-GET-008 should accept current max page","api","2026-10-09","passed","2026-10-09","GET /v1/users - List Users","users\api\get-users.spec.ts","",""
"","152","@regression @C047 @USER-GET-047 should handle case-insensitive search","api","2026-10-09","passed","2026-10-09","GET /v1/users - List Users","users\api\get-users.spec.ts","",""
"","374","@regression @C016 @USER-GET-016 should reject page exceeding max safe integer","api","2026-10-09","failed","2026-10-09","GET /v1/users - List Users","users\api\get-users.spec.ts","",""
"","147","@regression @C041 @USER-GET-041 should find user by partial email","api","2026-10-09","passed","2026-10-09","GET /v1/users - List Users","users\api\get-users.spec.ts","",""
"","485","@regression @C007 @USER-GET-007 should accept middle valid page","api","2026-10-09","passed","2026-10-09","GET /v1/users - List Users","users\api\get-users.spec.ts","",""
"","496","@regression @C034 @USER-GET-034 should reject empty kyc_status string","api","2026-10-09","failed","2026-10-09","GET /v1/users - List Users","users\api\get-users.spec.ts","",""
"","1292","@regression @C005 @USER-GET-005 should combine all valid params","api","2026-10-09","passed","2026-10-09","GET /v1/users - List Users","users\api\get-users.spec.ts","",""
"","302","@regression @C038 @USER-GET-038 should find user by name keyword","api","2026-10-09","passed","2026-10-09","GET /v1/users - List Users","users\api\get-users.spec.ts","",""
"","1467","@regression @C004 @USER-GET-004 should get users with page and limit","api","2026-10-09","passed","2026-10-09","GET /v1/users - List Users","users\api\get-users.spec.ts","",""
"","136","@regression @C039 @USER-GET-039 should return empty result for non-existing name","api","2026-10-09","passed","2026-10-09","GET /v1/users - List Users","users\api\get-users.spec.ts","",""
"","143","@regression @C044 @USER-GET-044 should find user by phone number without plus sign","api","2026-10-09","passed","2026-10-09","GET /v1/users - List Users","users\api\get-users.spec.ts","",""
"","284","@regression @C043 @USER-GET-043 should find user by full phone number","api","2026-10-09","passed","2026-10-09","GET /v1/users - List Users","users\api\get-users.spec.ts","",""
"","309","@regression @C025 @USER-GET-025 should reject decimal limit (limit = 10.5)","api","2026-10-09","failed","2026-10-09","GET /v1/users - List Users","users\api\get-users.spec.ts","",""
"","191","@regression @C003 @USER-GET-003 should get users with limit only","api","2026-10-09","passed","2026-10-09","GET /v1/users - List Users","users\api\get-users.spec.ts","",""
"","619","@regression @C010 @USER-GET-010 should return empty data for far out-of-bounds page","api","2026-10-09","passed","2026-10-09","GET /v1/users - List Users","users\api\get-users.spec.ts","",""
"","1312","@regression @C009 @USER-GET-009 should return empty data for page just exceeding totalPages","api","2026-10-09","passed","2026-10-09","GET /v1/users - List Users","users\api\get-users.spec.ts","",""
"","352","@regression @C049 @USER-GET-049 returned items count does not exceed requested limit","api","2026-10-09","passed","2026-10-09","GET /v1/users - List Users","users\api\get-users.spec.ts","",""
"","624","@regression @C046 @USER-GET-046 should handle empty search","api","2026-10-09","passed","2026-10-09","GET /v1/users - List Users","users\api\get-users.spec.ts","",""
"","524","@regression @C048 @USER-GET-048 middle page: hasNext = true, hasPrev = true","api","2026-10-09","passed","2026-10-09","GET /v1/users - List Users","users\api\get-users.spec.ts","",""
"","536","@regression @C018 @USER-GET-018 should reject page as array","api","2026-10-09","failed","2026-10-09","GET /v1/users - List Users","users\api\get-users.spec.ts","",""
"","592","@regression @C029 @USER-GET-029 should reject limit as array","api","2026-10-09","failed","2026-10-09","GET /v1/users - List Users","users\api\get-users.spec.ts","",""
"","159","@regression @C020 @USER-GET-020 should accept normal limit (limit = 50)","api","2026-10-09","passed","2026-10-09","GET /v1/users - List Users","users\api\get-users.spec.ts","",""
"","136","@regression @C052 @USER-GET-052 ignore unknown params parameters gracefully","api","2026-10-09","passed","2026-10-09","GET /v1/users - List Users","users\api\get-users.spec.ts","",""
"","236","@regression @C021 @USER-GET-021 should accept max limit boundary (limit = 100)","api","2026-10-09","passed","2026-10-09","GET /v1/users - List Users","users\api\get-users.spec.ts","",""
"","121","@regression @C050 @USER-GET-050 verify totalPages calculation formula (ceil(total/limit))","api","2026-10-09","passed","2026-10-09","GET /v1/users - List Users","users\api\get-users.spec.ts","",""
"","316","@regression @C012 @USER-GET-012 should reject negative page (page = -1)","api","2026-10-09","failed","2026-10-09","GET /v1/users - List Users","users\api\get-users.spec.ts","",""
"","431","@regression @C033 @USER-GET-033 should reject numeric kyc_status (kyc_status = 1)","api","2026-10-09","failed","2026-10-09","GET /v1/users - List Users","users\api\get-users.spec.ts","",""
"","383","@regression @C011 @USER-GET-011 should reject page = 0","api","2026-10-09","failed","2026-10-09","GET /v1/users - List Users","users\api\get-users.spec.ts","",""
"","521","@regression @C028 @USER-GET-028 should reject limit exceeding integer bounds","api","2026-10-09","failed","2026-10-09","GET /v1/users - List Users","users\api\get-users.spec.ts","",""
"","369","@regression @C023 @USER-GET-023 should reject limit = 0","api","2026-10-09","failed","2026-10-09","GET /v1/users - List Users","users\api\get-users.spec.ts","",""
"","496","@regression @C036 @USER-GET-036 should find user by full name","api","2026-10-09","passed","2026-10-09","GET /v1/users - List Users","users\api\get-users.spec.ts","",""
"","225","@regression @C019 @USER-GET-019 should accept min limit (limit = 1)","api","2026-10-09","passed","2026-10-09","GET /v1/users - List Users","users\api\get-users.spec.ts","",""
"","746","@regression @C031 @USER-GET-031 should reject invalid enum value (kyc_status = ""approved"")","api","2026-10-09","failed","2026-10-09","GET /v1/users - List Users","users\api\get-users.spec.ts","",""
"","528","@regression @C014 @USER-GET-014 should reject non-numeric string page (page = ""abc"")","api","2026-10-09","failed","2026-10-09","GET /v1/users - List Users","users\api\get-users.spec.ts","",""
"","1364","@regression @C002 @USER-GET-002 should get users with page only","api","2026-10-09","passed","2026-10-09","GET /v1/users - List Users","users\api\get-users.spec.ts","",""
"","298","@regression @C051 @USER-GET-051 verify root response structure (success, data, meta)","api","2026-10-09","passed","2026-10-09","GET /v1/users - List Users","users\api\get-users.spec.ts","",""
"","1327","@smoke @C001 @USER-GET-001 should get users with default parameters","api","2026-10-09","passed","2026-10-09","GET /v1/users - List Users","users\api\get-users.spec.ts","",""
"","630","@regression @C026 @USER-GET-026 should reject string limit (limit = ""ten"")","api","2026-10-09","failed","2026-10-09","GET /v1/users - List Users","users\api\get-users.spec.ts","",""
"","513","@regression @C022 @USER-GET-022 should reject limit just over max (limit = 101)","api","2026-10-09","failed","2026-10-09","GET /v1/users - List Users","users\api\get-users.spec.ts","",""
"","1824","@regression @C035 @USER-GET-035 should reject array of kyc_status","api","2026-10-09","failed","2026-10-09","GET /v1/users - List Users","users\api\get-users.spec.ts","",""
"","123","@regression @C045 @USER-GET-045 should find user by partial phone number","api","2026-10-09","passed","2026-10-09","GET /v1/users - List Users","users\api\get-users.spec.ts","",""
"","311","@regression @C017 @USER-GET-017 should reject page as boolean true","api","2026-10-09","failed","2026-10-09","GET /v1/users - List Users","users\api\get-users.spec.ts","",""
"","413","@regression @C032 @USER-GET-032 should reject uppercase enum (kyc_status = ""VERIFIED"")","api","2026-10-09","failed","2026-10-09","GET /v1/users - List Users","users\api\get-users.spec.ts","",""
"","324","@regression @C030 @USER-GET-030 should reject limit as boolean","api","2026-10-09","failed","2026-10-09","GET /v1/users - List Users","users\api\get-users.spec.ts","",""
"","1158","@regression @C006 @USER-GET-006 should accept min boundary page (page = 1)","api","2026-10-09","passed","2026-10-09","GET /v1/users - List Users","users\api\get-users.spec.ts","",""
"","335","@regression @C037 @USER-GET-037 should find user by partial name","api","2026-10-09","passed","2026-10-09","GET /v1/users - List Users","users\api\get-users.spec.ts","",""
"","525","@regression @C015 @USER-GET-015 should handle empty string page (page = """")","api","2026-10-09","failed","2026-10-09","GET /v1/users - List Users","users\api\get-users.spec.ts","",""
"","511","@regression @C027 @USER-GET-027 should reject limit with empty string","api","2026-10-09","failed","2026-10-09","GET /v1/users - List Users","users\api\get-users.spec.ts","",""
"","277","@regression @C040 @USER-GET-040 should find user by full email","api","2026-10-09","passed","2026-10-09","GET /v1/users - List Users","users\api\get-users.spec.ts","",""
"","736","@regression @C024 @USER-GET-024 should reject negative limit (limit = -10)","api","2026-10-09","failed","2026-10-09","GET /v1/users - List Users","users\api\get-users.spec.ts","",""
